[{
    "id":null,
    "uniqueId":"M002033458~4108991001~2016-02-09 00:00:00.0",
    "counter":0,
    "aapcDescription":"Dorsalgia, unspecified",
    "accessionNo":null,
    "codingRole":"auditor",
    "icdCode":"M54.9",
    "icdDescription":"Right pain|Back",
    "isActive":true,
    "lcdStatus":"Not Applicable",
    "rationaleData":"MEDICAL RECORD NUMBER - M002033458\n \nACCOUNT NUMBER - H00022844423\n \nORDER: CT^CTABDPELWO^CT Abdomen Pelvis WO Cont\n \nEXAM DATE: 02-09-2016 LOC: E\n \nSPECIAL IDENTIFIER: CT Abdomen Pelvis WO Cont\n \nPATIENT: RISMILLER, TAYLOR BIRTHDATE: 09-06-1960 SEX: M\n \nDETAIL_EXAM:\n*****\n \n Holy Cross Hospital \n 4725 N. Federal Hwy. \n Fort Lauderdale, Florida 33308 \n Patient: RISMILLER,TAYLOR MR#: M002033458 \n DOB: 09/06/1960 Acct#: H00022844423 \n Room/Bed: \n \nOrdering Physician: WEBER,ROBERT E (EM) \nAssociated Orders: CT Abdomen Pelvis WO Cont \nService Date: 02/09/16 \n \n Final \n \n \n \n \n \n CT abdomen and pelvis non-contrast \n \n <span class=\"htb\">HISTORY</span>: \n <span class=\"highlighted\">Right flank pain</span>. <span class=\"highlighted\">Back pain</span>. \n \n COMPARISON: \n None available \n \n TECHNIQUE: \n Per departmental protocol. 5 mm reconstructions non con with coronal and \n sagittal formatted images \n \n FINDINGS: \n Within limits of a non-contrast examination, the gallbladder, pancreas, \n adrenals, kidneys, and spleen are normal. Diffuse fatty infiltration of the \n liver without apparent mass. Ureters have normal caliber. Urinary bladder, \n prostate, and seminal vesicles are normal. A normal appendix is identified. \n Prior gastric bypass. No bowel obstruction or bowel wall thickening. The aorta \n tapers normally. Lung bases are free of consolidating infiltrates or masses. No \n free air, free fluid, or significant adenopathy. Review of bone windows reveals \n degenerative changes without expansion or destruction. Likely multi pectoral \n central canal stenosis in the lower lumbar spine. \n \n IMPRESSION: \n No apparent cause of acute pain. Fatty infiltration of the liver. Probable \n severe multifactorial central canal stenosis \n \n \n \nDictating Physician: JEFFREY A SAUNDERS MD \nDictate Date/Time: 02/10/16 0433 \n \nEsigning Physician: JEFFREY A SAUNDERS MD \nEsign Date/Time: 02/10/16 0433 \n \ncc: \nWEBER,ROBERT E (EM) \n \n \n*****\nELECTRONICALLY SIGNED AND DATED BY: SAUJE*SAUNDERSJEFFREYA (RD) ORDERING DR: WEBRO*WEBERROBERTE(EM)\nSPECIAL IDENTIFIER: CT Abdomen Pelvis WO Cont\n \n",
    "addToLearningSystem":null,
    "approved":null,
    "discarded":null,
    "lcdPassed":null,
    "approvedBy":null,
    "approvedOn":null,
    "updatedBy":null,
    "updatedOn":null,
    "createdBy":"sangramm",
    "createdOn":1561525797786,
    "comments":null
    },
    {
    "id":null,
    "uniqueId":"M002033458~4108991001~2016-02-09 00:00:00.0",
    "counter":1,
    "aapcDescription":"Unspecified abdominal pain",
    "accessionNo":null,
    "codingRole":"auditor",
    "icdCode":"R10.9",
    "icdDescription":"flank",
    "isActive":true,
    "lcdStatus":"Not Applicable",
    "rationaleData":"MEDICAL RECORD NUMBER - M002033458\n \nACCOUNT NUMBER - H00022844423\n \nORDER: CT^CTABDPELWO^CT Abdomen Pelvis WO Cont\n \nEXAM DATE: 02-09-2016 LOC: E\n \nSPECIAL IDENTIFIER: CT Abdomen Pelvis WO Cont\n \nPATIENT: RISMILLER, TAYLOR BIRTHDATE: 09-06-1960 SEX: M\n \nDETAIL_EXAM:\n*****\n \n Holy Cross Hospital \n 4725 N. Federal Hwy. \n Fort Lauderdale, Florida 33308 \n Patient: RISMILLER,TAYLOR MR#: M002033458 \n DOB: 09/06/1960 Acct#: H00022844423 \n Room/Bed: \n \nOrdering Physician: WEBER,ROBERT E (EM) \nAssociated Orders: CT Abdomen Pelvis WO Cont \nService Date: 02/09/16 \n \n Final \n \n \n \n \n \n CT abdomen and pelvis non-contrast \n \n <span class=\"htb\">HISTORY</span>: \n <span class=\"highlighted\">Right flank pain</span>. Back pain. \n \n COMPARISON: \n None available \n \n TECHNIQUE: \n Per departmental protocol. 5 mm reconstructions non con with coronal and \n sagittal formatted images \n \n FINDINGS: \n Within limits of a non-contrast examination, the gallbladder, pancreas, \n adrenals, kidneys, and spleen are normal. Diffuse fatty infiltration of the \n liver without apparent mass. Ureters have normal caliber. Urinary bladder, \n prostate, and seminal vesicles are normal. A normal appendix is identified. \n Prior gastric bypass. No bowel obstruction or bowel wall thickening. The aorta \n tapers normally. Lung bases are free of consolidating infiltrates or masses. No \n free air, free fluid, or significant adenopathy. Review of bone windows reveals \n degenerative changes without expansion or destruction. Likely multi pectoral \n central canal stenosis in the lower lumbar spine. \n \n IMPRESSION: \n No apparent cause of acute pain. Fatty infiltration of the liver. Probable \n severe multifactorial central canal stenosis \n \n \n \nDictating Physician: JEFFREY A SAUNDERS MD \nDictate Date/Time: 02/10/16 0433 \n \nEsigning Physician: JEFFREY A SAUNDERS MD \nEsign Date/Time: 02/10/16 0433 \n \ncc: \nWEBER,ROBERT E (EM) \n \n \n*****\nELECTRONICALLY SIGNED AND DATED BY: SAUJE*SAUNDERSJEFFREYA (RD) ORDERING DR: WEBRO*WEBERROBERTE(EM)\nSPECIAL IDENTIFIER: CT Abdomen Pelvis WO Cont\n \n",
    "addToLearningSystem":null,
    "approved":null,
    "discarded":null,
    "lcdPassed":null,
    "approvedBy":null,
    "approvedOn":null,
    "updatedBy":null,
    "updatedOn":null,
    "createdBy":"sangramm",
    "createdOn":1561525797786,
    "comments":null
    }]