{
  "cptCode": [
    {
      "coder": null,
      "auditor": {
        "id": 44196,
        "rowValue": "1012F,,1",
        "isActive": true,
        "comments": "missed coding 1012F",
        "parentId": null
      },
      "l2Auditor": null,
      "tlCode": null,
      "correctiveAction": "",
      "preventiveAction": "",
      "rootCause": "",
      "comments": "test",
      "isAgree": false,
      "codeType": "CPT",
      "tlAck": "Auditor Correct",
      "tlComments": "test"
    }
  ],
  "icdCode": [
    {
      "coder": null,
      "auditor": null,
      "l2Auditor": null,
      "tlCode": {
        "id": null,
        "rowValue": "R10.0,",
        "isActive": true,
        "comments": null,
        "parentId": null
      },
      "correctiveAction": null,
      "preventiveAction": null,
      "rootCause": null,
      "comments": null,
      "isAgree": null,
      "codeType": "ICD",
      "tlAck": "Both Incorrect",
      "tlComments": "Newly added by TL"
    }
  ],
  "cptFeedBackRows": [
    {
      "type": "CPT",
      "uniqueID": "M002312015~4102005001~2016-02-02 00:00:00.0",
      "fieldName": "CPT",
      "coder_id": null,
      "coder_value": null,
      "coder_comments": null,
      "auditor_id": 44196,
      "auditor_value": "1012F,,1",
      "auditor_comments": "missed coding 1012F",
      "isAgree": false,
      "preventiveAction": "",
      "correctiveAction": "",
      "rootCause": "",
      "comments": "test",
      "coder_isActive": null,
      "auditor_isActive": true,
      "coder_parentId": null,
      "auditor_parentId": null,
      "l2auditor_id": null,
      "l2auditor_value": null,
      "l2auditor_comments": null,
      "l2auditor_isActive": null,
      "l2auditor_parentId": null,
      "oldValue": null,
      "oldValueIsActive": null,
      "newValue": "1012F,,1",
      "oldValueComments": null,
      "newValueComments": "missed coding 1012F"
    }
  ],
  "icdFeedBackRows": [
    {
      "type": "ICD",
      "uniqueID": "M002312015~4102005001~2016-02-02 00:00:00.0",
      "fieldName": "ICD",
      "coder_id": null,
      "coder_value": null,
      "coder_comments": null,
      "auditor_id": null,
      "auditor_value": null,
      "auditor_comments": null,
      "isAgree": false,
      "preventiveAction": "",
      "correctiveAction": "",
      "rootCause": "",
      "comments": "Newly added by TL",
      "coder_isActive": null,
      "auditor_isActive": null,
      "coder_parentId": null,
      "auditor_parentId": null,
      "l2auditor_id": null,
      "l2auditor_value": null,
      "l2auditor_comments": null,
      "l2auditor_isActive": null,
      "l2auditor_parentId": null,
      "oldValue": null,
      "oldValueIsActive": null,
      "newValue": "R10.0,",
      "oldValueComments": null,
      "newValueComments": null
    }
  ],
  "icdAckRows": {
    "coder": [
      {
        "id": 57587,
        "rowValue": "M48.061,LCD Failed",
        "isActive": false,
        "comments": "wrongly coded M48.061",
        "parentId": null
      },
      {
        "id": 57359,
        "rowValue": "M51.26,Not Applicable",
        "isActive": true,
        "comments": "",
        "parentId": null
      }
    ],
    "auditor": [
      {
        "id": 57585,
        "rowValue": "M51.26,LCD Failed",
        "isActive": true,
        "comments": null,
        "parentId": 57359
      },
      {
        "id": 57586,
        "rowValue": "R06.02,LCD Failed",
        "isActive": true,
        "comments": "missed coding R06.02",
        "parentId": null
      }
    ],
    "l2Auditor": [],
    "uniqueId": "M000933063~4112184001~2016-02-12 00:00:00.0",
    "codeType": "ICD",
    "isl2Auditor": false
  },
  "cptAckRows": {
    "coder": [
      {
        "id": 46404,
        "rowValue": "72131,,1",
        "isActive": true,
        "comments": "",
        "parentId": null
      },
      {
        "id": 46407,
        "rowValue": "10180,,1",
        "isActive": true,
        "comments": "",
        "parentId": null
      }
    ],
    "auditor": [
      {
        "id": 46657,
        "rowValue": "72131,LT,1",
        "isActive": true,
        "comments": null,
        "parentId": 46404
      },
      {
        "id": 46660,
        "rowValue": "10180,LT,1",
        "isActive": true,
        "comments": "",
        "parentId": 46407
      }
    ],
    "l2Auditor": [],
    "uniqueId": "M000933063~4112184001~2016-02-12 00:00:00.0",
    "codeType": "CPT",
    "isl2Auditor": false
  },
  "icdcptFeedBackConcatedRows": [
    {
      "type": "CPT",
      "uniqueID": "M002312015~4102005001~2016-02-02 00:00:00.0",
      "fieldName": "CPT",
      "coder_id": null,
      "coder_value": null,
      "coder_comments": null,
      "auditor_id": 44196,
      "auditor_value": "1012F,,1",
      "auditor_comments": "missed coding 1012F",
      "isAgree": false,
      "preventiveAction": "",
      "correctiveAction": "",
      "rootCause": "",
      "comments": "test",
      "coder_isActive": null,
      "auditor_isActive": true,
      "coder_parentId": null,
      "auditor_parentId": null,
      "l2auditor_id": null,
      "l2auditor_value": null,
      "l2auditor_comments": null,
      "l2auditor_isActive": null,
      "l2auditor_parentId": null,
      "oldValue": null,
      "oldValueIsActive": null,
      "newValue": "1012F,,1",
      "oldValueComments": null,
      "newValueComments": "missed coding 1012F"
    },
    {
      "type": "ICD",
      "uniqueID": "M002312015~4102005001~2016-02-02 00:00:00.0",
      "fieldName": "ICD",
      "coder_id": null,
      "coder_value": null,
      "coder_comments": null,
      "auditor_id": null,
      "auditor_value": null,
      "auditor_comments": null,
      "isAgree": false,
      "preventiveAction": "",
      "correctiveAction": "",
      "rootCause": "",
      "comments": "Newly added by TL",
      "coder_isActive": null,
      "auditor_isActive": null,
      "coder_parentId": null,
      "auditor_parentId": null,
      "l2auditor_id": null,
      "l2auditor_value": null,
      "l2auditor_comments": null,
      "l2auditor_isActive": null,
      "l2auditor_parentId": null,
      "oldValue": null,
      "oldValueIsActive": null,
      "newValue": "R10.0,",
      "oldValueComments": null,
      "newValueComments": null
    }
  ],
  "cptDataAck": {
    "coder": [],
    "auditor": [
      {
        "id": 46416,
        "rowValue": "77066,,1",
        "isActive": true,
        "comments": "",
        "parentId": null
      },
      {
        "id": 46417,
        "rowValue": "71047,,1",
        "isActive": true,
        "comments": "",
        "parentId": null
      }
    ],
    "l2Auditor": [
      {
        "id": 46605,
        "rowValue": "77066,,1",
        "isActive": true,
        "comments": null,
        "parentId": 46416
      },
      {
        "id": 46606,
        "rowValue": "71047,,1",
        "isActive": true,
        "comments": "",
        "parentId": 46417
      }
    ],
    "uniqueId": "M002029636~4105990001~2016-02-06 00:00:00.0",
    "codeType": "CPT",
    "isl2Auditor": true
  },
  "icdDataAck": {
    "coder": [],
    "auditor": [],
    "l2Auditor": [
      {
        "id": 57526,
        "rowValue": "R10.9,Not Applicable",
        "isActive": true,
        "comments": null,
        "parentId": null
      }
    ],
    "uniqueId": "M002029636~4105990001~2016-02-06 00:00:00.0",
    "codeType": "ICD",
    "isl2Auditor": true
  },
  "cpticdAckRows": [
    {
      "count": 0,
      "type": "CPT",
      "uniqueID": "M002029636~4105990001~2016-02-06 00:00:00.0",
      "fieldName": "CPT",
      "coder_id": null,
      "coder_value": null,
      "coder_comments": null,
      "auditor_id": 46416,
      "auditor_value": "77066,,1",
      "auditor_comments": "",
      "isAgree": false,
      "preventiveAction": "",
      "correctiveAction": "",
      "rootCause": "",
      "comments": "",
      "coder_isActive": null,
      "auditor_isActive": true,
      "coder_parentId": null,
      "auditor_parentId": null,
      "l2auditor_id": null,
      "l2auditor_value": null,
      "l2auditor_comments": null,
      "l2auditor_isActive": null,
      "l2auditor_parentId": null,
      "oldValue": null,
      "oldValueIsActive": null,
      "newValue": "77066,,1",
      "oldValueComments": null,
      "newValueComments": ""
    },
    {
      "count": 1,
      "type": "CPT",
      "uniqueID": "M002029636~4105990001~2016-02-06 00:00:00.0",
      "fieldName": "CPT",
      "coder_id": null,
      "coder_value": null,
      "coder_comments": null,
      "auditor_id": 46417,
      "auditor_value": "71047,,1",
      "auditor_comments": "",
      "isAgree": false,
      "preventiveAction": "",
      "correctiveAction": "",
      "rootCause": "",
      "comments": "",
      "coder_isActive": null,
      "auditor_isActive": true,
      "coder_parentId": null,
      "auditor_parentId": null,
      "l2auditor_id": null,
      "l2auditor_value": null,
      "l2auditor_comments": null,
      "l2auditor_isActive": null,
      "l2auditor_parentId": null,
      "oldValue": null,
      "oldValueIsActive": null,
      "newValue": "71047,,1",
      "oldValueComments": null,
      "newValueComments": ""
    },
    {
      "count": 2,
      "type": "ICD",
      "uniqueID": "M002029636~4105990001~2016-02-06 00:00:00.0",
      "fieldName": "ICD",
      "coder_id": null,
      "coder_value": null,
      "coder_comments": null,
      "auditor_id": null,
      "auditor_value": null,
      "auditor_comments": null,
      "isAgree": false,
      "preventiveAction": "",
      "correctiveAction": "",
      "rootCause": "",
      "comments": "",
      "coder_isActive": null,
      "auditor_isActive": null,
      "coder_parentId": null,
      "auditor_parentId": null,
      "l2auditor_id": 57526,
      "l2auditor_value": "R10.9,Not Applicable",
      "l2auditor_comments": null,
      "l2auditor_isActive": true,
      "l2auditor_parentId": null,
      "oldValue": null,
      "oldValueIsActive": null,
      "newValue": "R10.9,Not Applicable",
      "oldValueComments": null,
      "newValueComments": null
    }
  ],
  "icdDataAuditor": [
    {
      "coder": null,
      "auditor": null,
      "l2Auditor": null,
      "tlCode": {
        "id": null,
        "rowValue": "R10.0,",
        "isActive": true,
        "comments": null,
        "parentId": null
      },
      "correctiveAction": null,
      "preventiveAction": null,
      "rootCause": null,
      "comments": null,
      "isAgree": null,
      "codeType": "ICD",
      "tlAck": "Both Incorrect",
      "tlComments": "Newly added by TL"
    }
  ],
  "icdFeedBackAuditor": [
    {
      "type": "ICD",
      "uniqueID": "M002312015~4102005001~2016-02-02 00:00:00.0",
      "fieldName": "ICD",
      "coder_id": null,
      "coder_value": null,
      "coder_comments": null,
      "auditor_id": null,
      "auditor_value": null,
      "auditor_comments": null,
      "isAgree": false,
      "preventiveAction": "",
      "correctiveAction": "",
      "rootCause": "",
      "comments": "Newly added by TL",
      "coder_isActive": null,
      "auditor_isActive": null,
      "coder_parentId": null,
      "auditor_parentId": null,
      "l2auditor_id": null,
      "l2auditor_value": null,
      "l2auditor_comments": null,
      "l2auditor_isActive": null,
      "l2auditor_parentId": null,
      "oldValue": null,
      "oldValueIsActive": null,
      "newValue": "R10.0,",
      "oldValueComments": null,
      "newValueComments": null
    }
  ],
  "cptDataAuditor": [
    {
      "coder": null,
      "auditor": {
        "id": 45273,
        "rowValue": "20220,,1",
        "isActive": true,
        "comments": "",
        "parentId": null
      },
      "l2Auditor": null,
      "tlCode": null,
      "correctiveAction": "",
      "preventiveAction": "",
      "rootCause": "",
      "comments": "test",
      "isAgree": false,
      "codeType": "CPT",
      "tlAck": "Auditor Correct",
      "tlComments": "test"
    },
    {
      "coder": null,
      "auditor": {
        "id": 45274,
        "rowValue": "30300,,1",
        "isActive": true,
        "comments": "",
        "parentId": null
      },
      "l2Auditor": null,
      "tlCode": null,
      "correctiveAction": "",
      "preventiveAction": "",
      "rootCause": "",
      "comments": "test",
      "isAgree": false,
      "codeType": "CPT",
      "tlAck": "Coder Correct",
      "tlComments": "test"
    },
    {
      "coder": null,
      "auditor": null,
      "l2Auditor": {
        "id": 45457,
        "rowValue": "71047,,1",
        "isActive": true,
        "comments": "new row",
        "parentId": null
      },
      "tlCode": null,
      "correctiveAction": "",
      "preventiveAction": "",
      "rootCause": "",
      "comments": "test",
      "isAgree": false,
      "codeType": "CPT",
      "tlAck": "Coder Correct",
      "tlComments": "test"
    }
  ],
  "cptFeedBackAuditor": [
    {
      "type": "CPT",
      "uniqueID": "M002326044~4115989001~2016-02-17 00:00:00.0",
      "fieldName": "CPT",
      "coder_id": null,
      "coder_value": null,
      "coder_comments": null,
      "auditor_id": 45274,
      "auditor_value": "30300,,1",
      "auditor_comments": "",
      "isAgree": false,
      "preventiveAction": "",
      "correctiveAction": "",
      "rootCause": "",
      "comments": "test",
      "coder_isActive": null,
      "auditor_isActive": true,
      "coder_parentId": null,
      "auditor_parentId": null,
      "l2auditor_id": null,
      "l2auditor_value": null,
      "l2auditor_comments": null,
      "l2auditor_isActive": null,
      "l2auditor_parentId": null,
      "oldValue": "30300,,1",
      "oldValueIsActive": true,
      "newValue": null,
      "oldValueComments": "",
      "newValueComments": null
    },
    {
      "type": "CPT",
      "uniqueID": "M002326044~4115989001~2016-02-17 00:00:00.0",
      "fieldName": "CPT",
      "coder_id": null,
      "coder_value": null,
      "coder_comments": null,
      "auditor_id": null,
      "auditor_value": null,
      "auditor_comments": null,
      "isAgree": false,
      "preventiveAction": "",
      "correctiveAction": "",
      "rootCause": "",
      "comments": "test",
      "coder_isActive": null,
      "auditor_isActive": null,
      "coder_parentId": null,
      "auditor_parentId": null,
      "l2auditor_id": 45457,
      "l2auditor_value": "71047,,1",
      "l2auditor_comments": "new row",
      "l2auditor_isActive": true,
      "l2auditor_parentId": null,
      "oldValue": null,
      "oldValueIsActive": null,
      "newValue": null,
      "oldValueComments": null,
      "newValueComments": null
    }
  ],
  "icdcptAuditorFeedBack": [
    {
      "type": "CPT",
      "uniqueID": "M002326044~4115989001~2016-02-17 00:00:00.0",
      "fieldName": "CPT",
      "coder_id": null,
      "coder_value": null,
      "coder_comments": null,
      "auditor_id": 45274,
      "auditor_value": "30300,,1",
      "auditor_comments": "",
      "isAgree": false,
      "preventiveAction": "",
      "correctiveAction": "",
      "rootCause": "",
      "comments": "test",
      "coder_isActive": null,
      "auditor_isActive": true,
      "coder_parentId": null,
      "auditor_parentId": null,
      "l2auditor_id": null,
      "l2auditor_value": null,
      "l2auditor_comments": null,
      "l2auditor_isActive": null,
      "l2auditor_parentId": null,
      "oldValue": "30300,,1",
      "oldValueIsActive": true,
      "newValue": null,
      "oldValueComments": "",
      "newValueComments": null
    },
    {
      "type": "CPT",
      "uniqueID": "M002326044~4115989001~2016-02-17 00:00:00.0",
      "fieldName": "CPT",
      "coder_id": null,
      "coder_value": null,
      "coder_comments": null,
      "auditor_id": null,
      "auditor_value": null,
      "auditor_comments": null,
      "isAgree": false,
      "preventiveAction": "",
      "correctiveAction": "",
      "rootCause": "",
      "comments": "test",
      "coder_isActive": null,
      "auditor_isActive": null,
      "coder_parentId": null,
      "auditor_parentId": null,
      "l2auditor_id": 45457,
      "l2auditor_value": "71047,,1",
      "l2auditor_comments": "new row",
      "l2auditor_isActive": true,
      "l2auditor_parentId": null,
      "oldValue": null,
      "oldValueIsActive": null,
      "newValue": null,
      "oldValueComments": null,
      "newValueComments": null
    },
    {
      "type": "ICD",
      "uniqueID": "M002312015~4102005001~2016-02-02 00:00:00.0",
      "fieldName": "ICD",
      "coder_id": null,
      "coder_value": null,
      "coder_comments": null,
      "auditor_id": null,
      "auditor_value": null,
      "auditor_comments": null,
      "isAgree": false,
      "preventiveAction": "",
      "correctiveAction": "",
      "rootCause": "",
      "comments": "Newly added by TL",
      "coder_isActive": null,
      "auditor_isActive": null,
      "coder_parentId": null,
      "auditor_parentId": null,
      "l2auditor_id": null,
      "l2auditor_value": null,
      "l2auditor_comments": null,
      "l2auditor_isActive": null,
      "l2auditor_parentId": null,
      "oldValue": null,
      "oldValueIsActive": null,
      "newValue": "R10.0,",
      "oldValueComments": null,
      "newValueComments": null
    }
  ],
  "ackParam_saveAcknowledge1": {
    "icdRowAcks": {
      "acknowledgeJson": [
        {
          "coder": null,
          "auditor": {
            "id": 56972,
            "rowValue": "R51,LCD Failed",
            "isActive": true,
            "comments": "",
            "parentId": null
          },
          "l2Auditor": null,
          "isAgree": false,
          "comments": "saveAcknowledge1",
          "correctiveAction": "",
          "preventiveAction": "",
          "rootCause": "",
          "codeType": "ICD"
        }
      ],
      "codingRole": "auditor",
      "uniqueId": "M002198721~4105906001~2016-02-05 00:00:00.0"
    },
    "rowValueAcks": {
      "acknowledgeJson": [
        {
          "coder": null,
          "auditor": {
            "id": 46039,
            "rowValue": "70553,,1",
            "isActive": true,
            "comments": ""
          },
          "l2Auditor": {
            "id": 46708,
            "rowValue": "70553,,1",
            "isActive": true,
            "comments": null,
            "parentId": 46039
          },
          "isAgree": false,
          "comments": "saveAcknowledge1",
          "correctiveAction": "",
          "preventiveAction": "",
          "rootCause": "",
          "codeType": "CPT"
        }
      ],
      "codingRole": "auditor",
      "uniqueId": "M002198721~4105906001~2016-02-05 00:00:00.0"
    },
    "updateAckParam": {
      "auditorAcknowledgeOn": 1562587625157,
      "auditorAcknowledged": false,
      "uniqueId": "M002198721~4105906001~2016-02-05 00:00:00.0",
      "updatedBy": "sangramm",
      "updatedOn": 1562587625158
    }
  },
  "validate": {
    "actionIsEmpty": false,
    "commentsIsEmpty": false,
    "actionName": ""
  }
}
