{
  "lcdparam": {
    "lcdInput": {
      "uniqueId": "M002273453~4115179001~2016-02-16 00:00:00.0",
      "cptInput": "76604*1",
      "icdInput": "A41.9~R07.89~R50.9"
    },
    "cptCodeEmpty": false,
    "icdCodeEmpty": false
  },
  "cciparam": {
    "CCIInputMeasure": {
      "cptMod": "76604*",
      "currentChartID": "M002273453~4115179001~2016-02-16 00:00:00.0"
    },
    "cptCodeEmpty": false
  },
  "mipsparam": {
    "MIPSMeasureInput": {
      "cptcode": "76604",
      "uniqueId": "M002273453~4115179001~2016-02-16 00:00:00.0"
    },
    "cptCodeEmpty": false
  },
  "fetchlcdncdparam": {
    "cciInput": {
      "cptMod": "70553*",
      "currentChartID": "M001018147~4115362001~2016-02-17 00:00:00.0"
    },
    "lcdInput": null,
    "mipsInput": {
      "cptcode": "70553",
      "uniqueId": "M001018147~4115362001~2016-02-17 00:00:00.0"
    }
  },
  "lcdncd": { "uniqueId": "", "cptInput": "", "icdInput": "" },
  "cci": {
    "CCIInputMeasure": {
      "cptMod": "73700*RT~10180*",
      "currentChartID": "M002049717~4105975001~2016-02-05 00:00:00.0"
    },
    "cptCodeEmpty": false
  },
  "mips": {
    "MIPSMeasureInput": {
      "cptcode": "73700~10180",
      "uniqueId": "M002049717~4105975001~2016-02-05 00:00:00.0"
    },
    "cptCodeEmpty": false
  },
  "fetchlcdparam": {
    "validDetails": { "cci": null, "mips": null, "lcd": null }
  },
  "data_errorfeedback_false": [
    {
      "coder": [],
      "auditor": [
        {
          "id": 46416,
          "rowValue": "77066,,1",
          "isActive": true,
          "comments": "",
          "parentId": null
        },
        {
          "id": 46417,
          "rowValue": "71047,,1",
          "isActive": true,
          "comments": "",
          "parentId": null
        }
      ],
      "l2Auditor": [
        {
          "id": 46605,
          "rowValue": "77066,,1",
          "isActive": true,
          "comments": null,
          "parentId": 46416
        },
        {
          "id": 46606,
          "rowValue": "71047,,1",
          "isActive": true,
          "comments": "",
          "parentId": 46417
        }
      ],
      "uniqueId": "M002029636~4105990001~2016-02-06 00:00:00.0",
      "codeType": "CPT",
      "isl2Auditor": true
    },
    {
      "coder": [],
      "auditor": [],
      "l2Auditor": [
        {
          "id": 57526,
          "rowValue": "R10.9,Not Applicable",
          "isActive": true,
          "comments": null,
          "parentId": null
        }
      ],
      "uniqueId": "M002029636~4105990001~2016-02-06 00:00:00.0",
      "codeType": "ICD",
      "isl2Auditor": true
    }
  ]
}
