{
    "measures": [
        {
          "measure": 145,
          "enabled": true,
          "age": null,
          "blank": null
        },
        {
          "measure": 146,
          "enabled": true,
          "age": null,
          "blank": null
        },
        {
          "measure": 147,
          "enabled": true,
          "age": null,
          "blank": null
        },
        {
          "measure": 197,
          "enabled": true,
          "age": null,
          "blank": null
        },
        {
          "measure": 225,
          "enabled": true,
          "age": null,
          "blank": null
        },
        {
          "measure": 405,
          "enabled": true,
          "age": null,
          "blank": null
        },
        {
          "measure": 406,
          "enabled": true,
          "age": null,
          "blank": null
        },
        {
          "measure": 436,
          "enabled": true,
          "age": null,
          "blank": null
        },
        {
          "measure": 359,
          "enabled": true,
          "age": null,
          "blank": null
        },
        {
          "measure": 361,
          "enabled": true,
          "age": null,
          "blank": null
        },
        {
          "measure": 364,
          "enabled": true,
          "age": null,
          "blank": null
        }
      ]
}