{
  "$schema": "./node_modules/@angular/cli/lib/config/schema.json",
  "project": {
    "name": "Oscar"
  },
  "apps": [
    {
      "root": "src",
      "outDir": "dist",
      "assets": ["assets", "favicon.ico"],
      "index": "index.html",
      "main": "main.ts",
      "polyfills": "polyfills.ts",
      "test": "test.ts",
      "tsconfig": "tsconfig.app.json",
      "testTsconfig": "tsconfig.spec.json",
      "prefix": "app",
      "styles": [
        "assets/fontawesome/css/all.min.css",
        "assets/css/animate.min.css",
        "../node_modules/@coreui/icons/css/coreui-icons.min.css",
        "../node_modules/@coreui/coreui/dist/css/coreui.min.css",
        "../node_modules/primeng/resources/themes/omega/theme.css",
        "../node_modules/primeng/resources/primeng.min.css",
        "../node_modules/ag-grid/dist/styles/ag-grid.css",
        "../node_modules/ag-grid/dist/styles/ag-theme-material.css",
        "../node_modules/ag-grid/dist/styles/ag-theme-balham.css",
        "../node_modules/ng2-toastr/ng2-toastr.css",
        "../node_modules/bootstrap/dist/css/bootstrap.min.css",
        "styles.scss",
        "assets/css/reset.scss"
      ],
      "scripts": [
        "../node_modules/chart.js/dist/Chart.min.js",
        "../node_modules/chartjs-plugin-datalabels/dist/chartjs-plugin-datalabels.js",
        "../node_modules/jquery/dist/jquery.slim.min.js",        
        "assets/js/popper.js",
        "../node_modules/bootstrap/dist/js/bootstrap.min.js",
        "assets/js/TextHighlighter.js",
        "../node_modules/@coreui/coreui/dist/js/coreui.min.js",
        "assets/fontawesome/js/all.min.js"
      ],
      "environmentSource": "environments/environment.ts",
      "environments": {
        "dev": "environments/environment.ts",
        "prod": "environments/environment.prod.ts",
        "test": "environments/environment.test.ts",
        "uat": "environments/environment.uat.ts"
      }
    }
  ],
  "warnings": {
    "typescriptMismatch": false
  },
  "e2e": {
    "protractor": {
      "config": "./protractor.conf.js"
    }
  },
  "lint": [
    {
      "project": "./src/tsconfig.app.json",
      "exclude": "**/node_modules/**"
    },
    {
      "project": "./src/tsconfig.spec.json",
      "exclude": "**/node_modules/**"
    },
    {
      "project": "e2e/tsconfig.e2e.json",
      "exclude": "**/node_modules/**"
    }
  ],
  "test": {
    "karma": {
      "config": "./karma.conf.js"
    }
  },
  "defaults": {
    "styleExt": "scss",
    "component": {}
  }
}
